tweet_id,tweet_created_at,tweet_text,hashtags,tweet_quoted_status_id,tweet_mtion,user_id,user_screenname,user_name,user_location,user_description
"9,07599154217615E+017",2017-09-12 15:37:55,For some reason dreamt last night that @RolandoAarons scored the winner to make it 3 games in a row. Great goal cutting in from left wing.,,-1,RolandoAarons ; ,2710381103,lukeappleton81,Luke,null,null
"9,07600673621123E+017",2017-09-12 15:43:57,@Davidevan12 Carb cutting is the easier way,,-1,Davidevan12 ; ,420760631,LexxiiPerez,Alexis Perez,tulsa.ok,Mediate daily&never forget that you control your own destiny ; There must of been a moment...-Tom Stoppard
"9,07601832087716E+017",2017-09-12 15:48:33,"World XI: Tamim, Amla, du Plessis(c), Miller, Elliott, Perera, Paine(w), Cutting, Sammy, Morne, Tahir #PAKvsWorldXI",PAKvsWorldXI ; ,-1,,2238517903,ICC_TENSports,#PAKvWXI #INDvAUS,Pakistan,Live Cricket Score: #PAKvWXI #WXIvPAK #INDvAUS #AUSvIND #T20 #ODI #Test #Cricket
"9,07602998683152E+017",2017-09-12 15:53:11,"RT SampathStats: TIM PAINE
BEN CUTTING

First set of AUSTRALIANS to feature in an International match in PAKISTAN in the 21st century. #PAK‚Ä¶",PAK ; ,-1,,"8,8141036251562E+017",yorker01,Yorker,  üåç ,The official channel of http://facebook.com/yorker01 we tried their best to entertain our followers with cricket updates along #ICC #CricketLeagues #LiveScore
"9,07604577834353E+017",2017-09-12 15:59:28,"World XI (Playing XI): Tamim, Amla, du Plessis(c), Miller, Elliott, Thisara Perera, Paine(w), Ben Cutting, Sammy, M Morkel, Tahir. #PAKvWXI",PAKvWXI ; ,-1,,118059085,BDCricTime,bdcrictime.com,"Dhaka, Bangladesh","Follow bdcrictime for Cricket news, scores | latest pictures | Previews | Stats | Videos | Exclusive interviews and many more."
"9,07606274799534E+017",2017-09-12 16:06:13,"Time for an #upgrade?
Keep your #PFC equipment cutting edge with @pwrcaps
Contact us now https://t.co/G32r4Zf1DI
#PowerFactorCorrection #MiM https://t.co/qRW9lrNxdo",upgrade ; PFC ; PowerFactorCorrection ; MiM ; ,-1,pwrcaps ; ,493755758,pwrcaps,Power Capacitors Ltd,UK,Power Capacitors Limited is ‚ÄúPower Factor Correction‚Äù having specialised in power quality and only power quality since 1973.
"9,07607497455886E+017",2017-09-12 16:11:04,Russia sees Vostochny Cosmodrome as deep space exploration hub https://t.co/oHahkvHxKU via @po_st,,-1,Po_st ; ,16178922,TheMarsSociety,The Mars Society,"Lakewood, CO",The Mars Society is the world's largest space advocacy organization dedicated to the human exploration and settlement of the planet Mars.  Join us!
"9,07609018558026E+017",2017-09-12 16:17:07,"We hope to see you on Thursday for our ribbon cutting with the Wilson Chamber of Commerce!
#timeandpayroll #wilsonnc #wetakethetime https://t.co/0d2J6Umkx2",timeandpayroll ; wilsonnc ; wetakethetime ; ,-1,,600130027,timeandpayroll1,Time and Payroll,"Wilson, NC",null
"9,07610293488034E+017",2017-09-12 16:22:11,"1st T20: 
Pakistan 41/1 
Overs 5 
Shehzad 11* 
Babar 20* 
This Ovr 
Cutting 
1 wd 0 2 1 0 1   
#PAKvWorldxi 

Aziz_Sarparah",PAKvWorldxi ; ,-1,,3346631889,Star_SportsOne,#INDvSL #SLvsInd,"Mumbai, India",Live Score of #BCCI Fans club: #SLvIND #INDvSL #SLvsInd #IndvsSL #SLvIND #SLvIND #TeamIndia #INDvSL #SLvsIND #SLvIND #SLvsIND #StarSports #ViratKohli
"9,07611619307479E+017",2017-09-12 16:27:27,"@ObserverBio @sharkbiotech cutting spending is what many of us would have liked.  Obamacare crushed revenues and added ""bigly"" to debt. We disagree. G'day! ;)",,-1,ObserverBio ; sharkbiotech ; ,2201201916,markabarger,Mark Barger,null,null
"9,07612649101386E+017",2017-09-12 16:31:32,"1st Twenty20. 6.1: B Cutting to B Azam, 4 runs, 53/1 https://t.co/mjvn7cxCxr #PAKvWXI",PAKvWXI ; ,-1,,2436705626,GeosuperrTv,#CPL17 #CPL #CPLT20,Sultan Bahoo(PunJaB),"To Get Live Updates Of ALL Matches Of #CPL17 Just
Follow @GeosuperrTv
SEND 40404
Like Our F.b Page
https://t.co/6Q3C2buhKo
https://t.co/tl1lXoxqxd"
"9,07613939164312E+017",2017-09-12 16:36:40,"1st T20: 
Pakistan 62/1 
Overs 7 
Shehzad 13* 
Babar 40* 
This Ovr 
Cutting 
4 4 2 1 1 1",,-1,,1655102490,PeShawrZaLmi,FOLLOW ABASIN NEWS,null,null
"9,07615559293927E+017",2017-09-12 16:43:06,@CNN Hey WH! Cutting down so many trees is bad for the atmosphere! We all learned that in elementary WHY CAN  YOU morons in the WH!!,,-1,CNN ; ,"8,29993328359846E+017",Betty32921612,Betty,null,null
"9,07617107147358E+017",2017-09-12 16:49:15,"@sarcasticmommy4 Nothing compared to cutting a sandwich :the wrong way""",,-1,sarcasticmommy4 ; ,222069643,ingeniarius08,Manfred Rosenbauer,"W√ºrzburg, Germany",ingeniarius@protonmail.ch or PGP:8D6A 0166 FEAE 3FAE 2852 0DB2 2CA9 8328 A8A9 E272
"9,0761877442526E+017",2017-09-12 16:55:53,"Here at Southern Rail, it turns out we're late a lady cutting her toenails onboard",,-1,,"9,01578930553066E+017",Ro_ro_ro_ur_bot,Jamie Morrogh,null,null
"9,07620230997844E+017",2017-09-12 17:01:40,@syapain And 2-3 of them are tailored ikut cutting ü§î,,-1,syapain ; ,73934463,belluvaz,bells,null,My wittiness is irresistable. Cuz im sexy that way.
"9,07599172810838E+017",2017-09-12 15:37:59,cutting grass in his room LMFAOO https://t.co/HXs5JWk0jW,,"9,07447323306988E+017",,325916576,notkaley,spooky k üï∏,"California, USA",:):
"9,07600688460522E+017",2017-09-12 15:44:01,Yerrr ore tlwaela Polo straight.... https://t.co/qfPLbUCJoP,,"9,07600367155864E+017",,1456475430,PRFCTNBDY,T.huto ‚òæ,Azania (South Africa),"I really want to Murder this Life Shit tbh, Ohh also Create, most definitely Create."
"9,07601832834351E+017",2017-09-12 15:48:34,"#PAKvWXI

Tamim, Amla, Du Plessis, Miller, Elliott, Perera, Paine, Cutting, Sammy, Morkel, Tahir

LIVE: https://t.co/opXCHQgyeE",PAKvWXI ; ,-1,,1666804076,IExpressSports,Express Sports,New Delhi,Sports news from @IndianExpress
"9,07602999412974E+017",2017-09-12 15:53:12,"WXI_Xi
_
T Iqbal
H Amla
F du Plessis
D Miller
G Elliott
T Perera
T Paine
B Cutting
D Sammy
M Morkel
I Tahir
+
#GM_SaSoLi",GM_SaSoLi ; ,-1,,"7,17337387043521E+017",OnlyCricBuz,#PakvWorldXi,null,#PAKvWXI #PAKvWorldXi #PAKvWXI #PakvWXi #PakvsWXi #PakvWorldXi #PAKvWXI #PAKvWXI #PAKvsWXI #PAKvWorldXI #PAKvWorldXI #PakvWorldXI #PAKvWorldXIT20 #T20 #PakvWXi.
"9,0760457786803E+017",2017-09-12 15:59:28,Come join us this morning for a ribbon cutting at Blessed Designs by Renae! https://t.co/zUS2Ld5E4h,,-1,,80339664,DothanAreaChamb,Dothan Area Chamber,"Dothan, AL",Dothan Area Chamber of Commerce
"9,0760628519705E+017",2017-09-12 16:06:15,"""Ams export licences to Saudi by UK government, used to kill #Yemen civilians"" via @CAATuk #900Days_ForgottenWar https://t.co/R2pDG4akvf",Yemen ; 900Days_ForgottenWar ; ,-1,CAATuk ; ,"8,42092856437309E+017",StandYemen,YemenWithStand,null,Country US & World News US & World Politics News Country Music
"9,07607531547218E+017",2017-09-12 16:11:12,@michaeljames_91 He's sat reading the manual. He's got two weeks before he needs to take photos of the northern lights.. cutting it a bit fine mate üòÇ,,-1,michaeljames_91 ; ,34327103,isabellaholly,Bella.,Nottingham,Hive Queen of Hungry Undead.
"9,07609023846994E+017",2017-09-12 16:17:08,This is brilliant. Rubberbandits cutting through the crap as always https://t.co/IKtqvW26Uh,,"9,071524505489E+017",,406172393,shauna_ly,shauna lyons,Dublin,Public Affairs & Marketing Director @IFI_Dub. Food|Film|Music|Theatre|Design. tweets are my own
"9,07610298466619E+017",2017-09-12 16:22:12,"1sT_T20I_MaTcH
PAK_vs_WXI
ToSs_WXI
PAK_41/1
OvEr_5.
A Shehzad 11*
Babar Azam 21*

Ben Cutting
1-Wd-0-2-1-1-1 Admin: Nijam",,-1,,3074163527,CrickMsg,Cricket Live Score,null,Sl Breaking
"9,07611632511177E+017",2017-09-12 16:27:30,Fisheries Officers are out in Cornwall todayüëÄ. So far 6 anglers have neglected to buy their üé£licence üëé@EnvAgencySW https://t.co/NTVRFaiV92,,-1,EnvAgencySW ; ,3394650334,rob_hocking,Rob Hocking,null,I'm a Fisheries Enforcement Officer with the Environment Agency in Cornwall. All views are my own.
"9,07612651110457E+017",2017-09-12 16:31:33,"1st Twenty20. 6.2: B Cutting to B Azam, 4 runs, 57/1 https://t.co/mjvn7cxCxr #PAKvWXI",PAKvWXI ; ,-1,,2436705626,GeosuperrTv,#CPL17 #CPL #CPLT20,Sultan Bahoo(PunJaB),"To Get Live Updates Of ALL Matches Of #CPL17 Just
Follow @GeosuperrTv
SEND 40404
Like Our F.b Page
https://t.co/6Q3C2buhKo
https://t.co/tl1lXoxqxd"
"9,07613941009875E+017",2017-09-12 16:36:40,@ActivateBritain @SamAncliff I'm a Conservative because I believe one day cutting taxs for the wealthiest will magically trickle down and make me very rich,,-1,ActivateBritain ; SamAncliff ; ,288785996,alancccccc,Alan Crabb,Yorkshire,null
"9,07615574003503E+017",2017-09-12 16:43:10,"@DixlSugr There's nothing wrong with cutting yourself off from shitty, toxic family members when you have the means to.",,-1,DixlSugr ; ,"7,36958529693712E+017",WaffleTronZX,Ed TrashBoat,"Massachusetts, USA","Trying to get into drawing and sketching, very early learning stages. If you want to say it's bad at least tell me why so I can work on it."
"9,07617118862025E+017",2017-09-12 16:49:18,Exploration is curiosity put into action.v,,-1,,600083585,Yemzzhang,Heeeyooow,null,DPR WE GANG GANG ü§ò
"9,07618804791947E+017",2017-09-12 16:56:00,Today: What are healthy ways for parents and friends to respond when teens/kids engage in cutting or other self-injury?,,-1,,69027747,180099native,nativeamericacalling,null,National call-in show serving Native America. Listen each weekday at 1 pm Eastern. 1-800-996-2848.
"9,07599187792904E+017",2017-09-12 15:38:03,@westaustralian @WestCoastEagles Brilliant cutting edge journalism. Keep up the great work :),,-1,westaustralian ; WestCoastEagles ; ,300964977,MullerAUS,Muller,PGFC,"model, actress, blogger"
"9,0760069436185E+017",2017-09-12 15:44:02,"World 11

Amla, Tamim, Cutting, Du Plessis (C), Elliot, Tim Paine (WK), Miller, Darren Sammy, Perera, Morne Morkel & Imran Tahir. #PAKvWXI",PAKvWXI ; ,-1,,3332355647,CricProf,The Cricket Prof.,null,"Analysis, statistics and content from @CricViz, the future of in-play cricket analytics. Cricket intelligence at the next level."
"9,0760183145454E+017",2017-09-12 15:48:33,All the information about the ISTOBAL M'NEX32 this week at @petrolplaza Cutting-edge technology and user experience. https://t.co/Cup3YUwc3E https://t.co/npEDkeabkX,,-1,petrolplaza ; ,"7,43351415762936E+017",istobal_corp,Istobal Corp,"Valencia, Espa√±a","We are the spanish leader in the design, manufacture and marketing of wash solutions for the automotive sector"
"9,07603011668554E+017",2017-09-12 15:53:15,Thinking about cutting my hair is giving me major anxiety. My priorities are definitely straight. definitely.,,-1,,1797809420,yvonnekuo41,Yvonne Kuo,null,#sociallyawkward
"9,07604579004633E+017",2017-09-12 15:59:28,"bworthi Habit of cutting off the "":"" because sometimes that's the only way the option will fit the poll fully.",,-1,,"9,03595540025356E+017",Gamingz_Place,Gamingz Place,null,"Welcome to the best place for #videogames ! #Steam, #Origin, and many more ! Some deals too :) have fun !"
"9,07606285146837E+017",2017-09-12 16:06:15,@simpleasvat Just joined the peoples front of judea.judean peoples front just wasnt cutting it.,,-1,simpleasvat ; ,29970616,Emile102,Emile barbara,"location,location,location
",I am spartacus
"9,07607547590439E+017",2017-09-12 16:11:16,Urban Exploration: AB0T0626 by vcg-HSLQ https://t.co/E9DGDFLVaI | #500px #photography #photos https://t.co/Orb6i7oEng,500px ; photography ; photos ; ,-1,,476358044,JamesDayByron,J.D. Byron,UWS,Photography buff.
"9,07609031652586E+017",2017-09-12 16:17:10,"Do you know' or did you know. I guarantee you . I will not be renewing my TV licence, prison 1st will be my donation for the BBC .Guaranteed https://t.co/1w7997VC5r",,"9,07605532294476E+017",,2424422474,sametoyoutoo,mark,wales,"Born and bred British welsh , patriot through and through !. i believe only in truth not lies, Live , live well . believer in a christian democracy ."
"9,07610302598058E+017",2017-09-12 16:22:13,"1sT_T20_MaTch
PAK_vs_W Xi
TosS_W Xi
-
PAK_41/1
OvEr'S_5
-
A_SheHzaD_11*
B_AzaM_21*
-
CutTinG
1-wd-0-2-1-1-1
-
""ReP_N,SaDa""",,-1,,3265715748,pakspotsnews,Live Score,Dubai,null
"9,07611674655556E+017",2017-09-12 16:27:40,"Just been asked if I would mind cutting a montage for a friend. Me: 'Can I use the music I cut it too?'

Hell yeah. üòçüòçüòç",,-1,,21096292,taranoodle,Noodle,null,Why do people feel the need for this shit?
"9,07612650380689E+017",2017-09-12 16:31:33,"1st Twenty20. 6.1: B Cutting to B Azam, 4 runs, 53/1 https://t.co/1yQ3U40Ej8 #PAKvWXI",PAKvWXI ; ,-1,,3273256909,Zoya4U,IndianPremierLeague,INDIA,"Follow to get exclusive & real_time IndianPremierLeague news & updates,
#SRHvRCB #SRHvRCB #RPSvMI #RPSvMI #KXIPvRPS #KXIPvRPS #RCBvDD #RCBvDD #MIvKKR #MIvKRR"
"9,07613945770504E+017",2017-09-12 16:36:41,"Big Candy pledges to cut calories

The biggest candy companies in the world are forming a calorie-cutting consor https://t.co/t6wcuSC0qM",,-1,,"7,98903323260752E+017",Nano_coin,Bitcoin_retirement,"Altea, Spain",Looking for a invite to a members crypto club Invitation only crypto currency thats really on the move .Invest now before its too late
"9,07615589744738E+017",2017-09-12 16:43:13,I think I should bet on cutting my hair because I keep on postponing üòí,,-1,,"7,8102038295439E+017",Mogorosi_Kea,üå¥üå∏Kealebogaüå∏üå¥,Lichtenburg/Mafikeng,null
"9,07617128919921E+017",2017-09-12 16:49:20,Cutting the funds of CHR (Which btw protects human rights of innocent people) for 2018 in times of police official corruption smells fishy,,-1,,"8,66370137317929E+017",kimo_buns,Peanut,Teka w8 I forgot my address,"Hello Ladiez. 
-Daniel Boey, 2017"
"9,0761881295831E+017",2017-09-12 16:56:02,Pine Point Signs Exploration Agreements With N.W.T. First Nations https://t.co/uEuA6H3whJ,,-1,,41495108,NationTalk,NationTalk.ca,"√úT: 43.651121,-79.376808","NationTalk is Canada‚Äôs premier native newswire and employment service that offers Indigenous focused news, press releases, employment, event and tender listings"
"9,07619830215447E+017",2017-09-12 17:00:04,8 Companies Using Cutting-Edge Personalization Strategies to Maximize Profits https://t.co/tfxY8PCPwI https://t.co/X0dv14ZFId,,-1,,126682925,RaymondMorinV2,Raymond Morin,"Montr√©al, Canada","Analyste/consultant marketing SMO, formateur/conf√©rencier, auteur/blogueur - SMO marketing analyst/consultant, former/speaker, blogger @Curatti @MSocialBusiness"
"9,0759925329954E+017",2017-09-12 15:38:19,Imagine your dad going passive-aggressive on your pasaway ways by cutting a huge chunk off your allowance. Sounds familiar?,,-1,,54911837,chrizel_,Chrizel Tan,"Cebu|Zamboanga, Philippines",Fueled by coffee with an extra shot of music. I get a mini stroke at the sight of a nice car. Pseudo-MD.
"9,07600720056242E+017",2017-09-12 15:44:08,"As Diamond Offshore Drilling In $DO Valuation Declined, Vertex One Asset Management Has Raised by $957,100 ...",,-1,,1450478228,noritsunagirota,Gabriel Wilson,"Cockburn Town, Turks and Caico",we are always in the middle of the world
"9,07601836047323E+017",2017-09-12 15:48:34,I watched a video on cutting out coffee/caffeine cold turkey and literally all the symptoms describe me if I go 1 day w/o it,,-1,,251222999,behindtheAura21,Jughead Jones,Backstage,"""in case you haven't noticed I'm weird. I'm a weirdo. I don't fit in and I don't want to."" -Jughead Jones(my spirit animal) |NY/NJ| ‚ôåÔ∏èLIM20"
"9,0760301367355E+017",2017-09-12 15:53:15,"Three years ago TODAY, I had both my boobs cut off. Why? Cuz they‚Ä¶ https://t.co/9V08cxKDEF",,-1,,90200636,Hollywould7,Holly Simon,nationwide,"I am who I am -designed to celebrate uniqueness. Normal is boring. Accept, embrace, include. Take less and give more. Love each other. Simple."
"9,07604579461759E+017",2017-09-12 15:59:28,Factorio: Entry Level to Megabase Ep 17: FINISHING THE ORE LOADING STATI... https://t.co/ok1NaFxMF7 via @YouTube,,-1,YouTube ; ,48209963,TheDawgMiner,The Dawg Miner,Somewhere digging up bones,Mythical Magical Blockheaded Puppy Dog
"9,07606292029567E+017",2017-09-12 16:06:17,Takes a lot to cut off ppl. Gotta give some credit üôÜ https://t.co/FZNas1g3hu,,"9,07590266147746E+017",,765535417,paunxvarro,marelle,null,strange arki girl who's always looking for a lunch buddy
"9,07607585259495E+017",2017-09-12 16:11:25,"RT business ""In an effort to quench your thirst, sports drinks are cutting sugar https://t.co/Mr0EiugxJ4 https://t.co/YQ5Yaojm5z""",,-1,,"8,92522177026703E+017",victorialomba_1,Victoria BigAss,Espa√±a,Official Account Victoria Lomba!! | IG: victorialomba üëáüèºFEBRUARY 22 My BirthdayüéÇ
"9,07609032617349E+017",2017-09-12 16:17:10,Whoooo cutting,,-1,,3237434479,SportsBoyShawon,Naa Peru Nadal,"Dhaka, Bangladesh",Sports is my Life. Cricket is my Everything! @RafaelNadal @alluarjun @MariaSharapova @iHrithik @MsKajalAggarwal #RamCharan @Cristiano @woodyinho #Madrid #Telugu
"9,0761030326478E+017",2017-09-12 16:22:13,#PAK_vs_WXI 1st_T20 PAK_41/1 Ovr_5 # A.Shehzad_11* (11b 1x4 0x6) B.Azam_21* (16b 4x4 0x6) # B Cutting 1-Wd-0-2-1-1-1,PAK_vs_WXI ; ,-1,,"8,92588053507654E+017",SheikhMudabir1,MR.. SHEIKH,null,null
"9,07611676794659E+017",2017-09-12 16:27:41,"Pointy things: Just one of the ""dangers"" in a life of exploration & rewards experienced by KY archaeologists https://t.co/PzSD5ncW8l https://t.co/g4K3aVGmWk",,-1,,570186857,KYSHPO,KY Heritage Council,"Frankfort, KY","State Historic Preservation Office. Our mission: identify, protect & preserve historic buildings, cultural resources, landscapes & archaeology sites"
"9,07612651374616E+017",2017-09-12 16:31:33,".
PAK_vs_WXI
1st_T20
PAK_62/1
Ovr_7
#
A.Shehzad_13*
(14b 1x4 0x6)

B.Azam_40*
(24b 7x4 0x6)
#
B Cutting
4-4-2-1-1-1
#PAKvWXI",PAKvWXI ; ,-1,,2621654453,QaTiL_Jan,M Fiaz Tabasom,null,"# Urdu Ghazal
# Udaas Ghazal
# Heart TacHinG
# Urdu PoeTry

+
I Hope You LiKe Ais ID Plz Follow Me And Enjoy 24 Hrs Online
https://t.co/XVdFRdBqhV"
"9,07613960823861E+017",2017-09-12 16:36:45,"FOMO & fear of losing a fingernail hold on social circles is butts.

(On the other hand, willingly cutting out a social circle is the best.)",,-1,,15230551,dzurlord,Donovan,"Marlborough, MA","Fencer, writer, researcher."
"9,07615602692502E+017",2017-09-12 16:43:17,"@alexboutilier I, for one, plan on being completely shocked when Rey has her hand cut off in The Last Jedi?",,-1,alexboutilier ; ,194207593,eisenbot_76,Cory Eisentraut,Streetsville by way of Toronto,"husband. father. runner. writer. lover. 
not fighter."
"9,0761713064815E+017",2017-09-12 16:49:21,@saluckai mtn ? ou ma licence ?,,-1,saluckai ; ,"8,39533425212211E+017",sailorjong,Ÿé,shinee,null
"9,07618863428366E+017",2017-09-12 16:56:14,@FRSCNigeria my temporary drivers licence has expired since 14-08-2017. What should I do?  How do I know if the original licence is ready?,,-1,FRSCNigeria ; ,276560485,ishola_aa,ishola akeem,null,null
"9,0761983851597E+017",2017-09-12 17:00:06,Cutting-edgy design and surprising performance. The summer heat is no match for the joy that #KiaStinger brings.... https://t.co/TrhqTOkANe,KiaStinger ; ,-1,,570135498,KiaIraqNIM,Kia Iraq NIM,null,The power to surprise
"9,07599268206272E+017",2017-09-12 15:38:22,#lucknow : Block Development Officer of Sarojini Nagar directs cutting electricity supply of houses without toilets in Bhadarsa village.,lucknow ; ,-1,,"7,84828257166209E+017",AsukStudio,A.S.U.K Studio,Bio Link & Pinned Post,"All types of News on Trending Topics Founded by  @anshumanjohriAJ ‚úå‚úå‚úå‚úå  
Website link‚¨á Bio Link‚¨á"
"9,07600726456717E+017",2017-09-12 15:44:10,"WXI XI: T Iqbal, H Amla, F du Plessis (C), D Miller, G Elliott, T Perera, T Paine (W), B Cutting, D Sammy, M Morkel, I Tahir 

#PAKvWXI",PAKvWXI ; ,-1,,3359930653,JobsInKasur,Jobsinpak,"Lahore, Pakistan","Latest Jobs In Pakistan.
News 4rm Lahore & Kasur
#PSLT20
#CRICKET
#IPLT20
#BREAKING_NEWS
#JobsInPak
#MaslaH
Local News
03478683202"
"9,07601838496563E+017",2017-09-12 15:48:35,"@ICC @faf1307 World XI won toss & elected to field
WXI: Iqbal,  Amla, Faf , Miller, Elliott, Perera,  Paine,  Cutting, Sammy,  Morkel,Tahir #PAKvWXI",PAKvWXI ; ,-1,ICC ; faf1307 ; ,4853014018,Ahmed_imMohsin,Mohsin Ahmed,India,"Everyone needs reminders that the fact of their being on this earth is important and that each life changes everything.
#Cricket #Engineering
#Sports #History"
"9,07603023987442E+017",2017-09-12 15:53:18,"WXI XI: T Iqbal, H Amla, F du Plessis, D Miller, G Elliott, NTLC Perera, T Paine, B Cutting, D Sammy, M Morkel, I Tahir",,-1,,330193838,wayambanews,BREAKING NEWS,paragahadeniya,"Admin @nafras_chubby, ( Regional
 news reporting News alert in ceylon. )
 Advertisements are undertaken by : 0776428249 ,0752052802"
"9,07604584063009E+017",2017-09-12 15:59:29,Vandals cut off cross from Lawrence's Indian United Methodist Church https://t.co/w7fdAwWxzR https://t.co/nqUgNeVSzN,,-1,,6894852,LJWorld,The Journal-World,"Lawrence, KS, USA","The Lawrence Journal-World provides local news, sports and other info interesting to Lawrence and Douglas County, Kansas.

(Story ideas/tips: news@ljworld.com)"
"9,07606289966146E+017",2017-09-12 16:06:16,Ribbon cutting for the new #WCVB Newsroom! https://t.co/UmQIMN0QOg,WCVB ; ,-1,,14754290,russnelligan,russnelligan,Boston,"Creative Services Director, WCVB Channel 5.  Storyteller (in 30 seconds or less)"
"9,07607595451642E+017",2017-09-12 16:11:27,@TripleStaff Cutting down mass immigration and illegal immigration is not racist. Mass immigration is extremely harmful to the average american,,-1,TripleStaff ; ,"8,08842774325891E+017",Scumeoh,joeI,hi juan,hentai dealer | @kusimir @tsuuchu @woodswordgaming @typiccaI @royaIfIowers @bakugousfist @blessritsu @stahrri does too
"9,07609040393462E+017",2017-09-12 16:17:12,Ben Cutting in for 5th over Pak 36/1,,-1,,2190422690,JasMayurshah,Mayur shah,Jalgaon,"Always in mind, cause & effects reduce defects. Retired & tired of psuedos."
"9,07610309401047E+017",2017-09-12 16:22:15,"Dsports Live match on 
My C line no cutting no freezing Fast contact and enjoy match 
03006000921",,-1,,4317681581,All_DiSH_NEWS,@World_Biss_key,null,World's_Big_iD  Fast_Dish_info  New_Biss_Keys  New_WWE_Keys  New_Feeds_Key  New_Channels  Advance_Keys  +  Follow  @ALL_DiSH_NEWS  Sent:4040 ‚úàÔ∏è  03006895945
"9,07611684885418E+017",2017-09-12 16:27:42,"PAK 57/1 (6.2 OV)

*B AZAM 36(21)
A SHEHZAD 12(13)

*B CUTTING 1.2-0-15-0
I TAHIR 1-0-8-0

Partnership : 49 (34)
#PAKvWXI",PAKvWXI ; ,-1,,377094193,QHACricket,Hussain Ahmad Marwat,Pakistan,"#NationalT20Cup  #SLvIND #INDvSL  #SAvBAN  #CPL #SAvAUS #CPL2017 #CPL17

#AUSvSL #WIvPAK #INDvAUS #AfgvIRE #ENGvWI #BANvAUS #IPL  #WIVENG #Pakistancup"
"9,07612653996167E+017",2017-09-12 16:31:33,"1st Twenty20. 6.2: B Cutting to B Azam, 4 runs, 57/1 https://t.co/1yQ3U40Ej8 #PAKvWXI",PAKvWXI ; ,-1,,3273256909,Zoya4U,IndianPremierLeague,INDIA,"Follow to get exclusive & real_time IndianPremierLeague news & updates,
#SRHvRCB #SRHvRCB #RPSvMI #RPSvMI #KXIPvRPS #KXIPvRPS #RCBvDD #RCBvDD #MIvKKR #MIvKRR"
"9,07613973549261E+017",2017-09-12 16:36:48,The cutting phase is almost done 2 weeks more then back to 4 weeks of deload & recomposition then let na bulking phase begin!!!!,,-1,,2378268864,cytienne29,jalen,comic geek | sneakerhead,koala freak!üí™
"9,0761560489456E+017",2017-09-12 16:43:17,"#sales I am favor of cutting taxes under any circumstances and for any excuse, for any reason, whenever it's possible. -Milton Friedman #ri‚Ä¶",sales ; ri ; ,-1,,36365449,ANDERSHJORT,Anders Hjort,"Hovedstaden, Denmark","Top 100 Sales Influencer & Behaviour Change Expert. Get insights & research to OutThink & OutPerform your competition in #sales, #negotiation & #socialselling"
"9,07617149526704E+017",2017-09-12 16:49:25,need my hair cutting desperately,,-1,,492375380,sam_jb95,Sam,Earth,"sam, 22, music and tea. snapchat & instagram - sam_jb95"
"9,07599298090738E+017",2017-09-12 15:38:29,RT DDEGambino: Teams of students in music exploration compete to identify the songs in the mashup #ddespride https://t.co/UDimaz4Zz5,ddespride ; ,-1,,2327294394,ftsdde,Dana Turner,null,null
"9,07600734535012E+017",2017-09-12 15:44:12,I am cutting it close to too casual though https://t.co/rs8TGPAPnj,,-1,,22852512,yaxayra_,yaya,sc: yaxayraa,"""Perhaps the only legacy worth having is to have been known as a kind, compassionate person."""
"9,07601884600525E+017",2017-09-12 15:48:46,Wow those ideas guys at Nike are really coming up with cutting edge new ideas for their teams! #THFC #MCFC #CFC #AllTheSameKit ‚öΩÔ∏è https://t.co/ObSxa3FHDl,THFC ; MCFC ; CFC ; AllTheSameKit ; ,-1,,235255372,TheePaulSmith,Paul Smith,Manchester,"Not the designer or any other pretender to the throne, i am THEE PAUL SMITH"
"9,07603024738222E+017",2017-09-12 15:53:18,@washingtonpost @gop You're not cutting taxes for rich people. Go fuck yourselves.,,-1,washingtonpost ; GOP ; ,3765217583,TweeterMaus,TweeterMaus,null,Retired. Bach fan. History buff. Science buff. Proud gay man. Long time smartass. trump & his unAmerican thugs MUST GO!  #RESIST #IMPEACHTRUMP
"9,07604600290726E+017",2017-09-12 15:59:33,@L5566L1 Money spent on space exploration is money wasted? Discuss. [Guess you know what I think.],,-1,L5566L1 ; ,"7,41195905685172E+017",VanguardAdrift,VanguardAdrift,null,Follow other space junk @SuitSatAdrift and @FengyunAdrift WATCH:'Vanguard and Fengyun' film http://bit.ly/2f3rosF WATCH: 'Adrift' film http://bit.ly/2f5aPgA
"9,07606298388304E+017",2017-09-12 16:06:18,The September SVG Cutting Files Craft Bundle is Here! This huge graphics and fonts bundle includes 9 different... https://t.co/BDvwtIrEp8,,-1,,337229320,Bloggingology,Cynthia Thomas,Texas,"Cynthia Thomas - Blogger, Graphic Designer, Writer ...."
"9,07607603085111E+017",2017-09-12 16:11:29,@moekamerow @LouDobbs Do forget to cut off their retirement & pensions. GOD knows they surely don‚Äôt deserve anything.,,-1,moekamerow ; LouDobbs ; ,18078411,ChocoBill,ChocoBill,null,null
"9,07609042880795E+017",2017-09-12 16:17:13,"At Volvo Cars, we believe good design is about exploration.¬† https://t.co/CFfYkxuU7V https://t.co/35h9sqMcev",,-1,,141301747,CrownVolvo,Crown Volvo,"Greensboro, NC","Proudly serving the cities of Greensboro, Charlotte, and Raleigh, NC.

336-790-9856"
"9,07610310416241E+017",2017-09-12 16:22:15,With the Cutting Edge family at Eden Ibiza (Official Fan Page) on the 19th! Let's do this! ‚òÄÔ∏èüå¥‚úàÔ∏èüîàüîà https://t.co/fIAhO70Wra,,-1,,896000827,JoshrobertsDJ,Hurts&Charles,united kingdom,Minimal & Tech House DJ / Producers ‚Ä¢ @CuttingEdgeLDN Residents ‚Ä¢ @escape_ldn Residents ‚Ä¢ Bookings / management: Mike@CuttingEdgeLDN.co.uk
"9,07611690384056E+017",2017-09-12 16:27:44,"We're cutting it close, old man! If you don't hurry, we're toast!",,-1,,2708020410,Sin_Kiskbot,Sin Kiske (bot),Allied Kingdoms Of Illyria,English-speaking bot for Sin Kiske of Guilty Gear. „ÇÆ„É´„ÉÜ„Ç£„ÇÆ„Ç¢„ÅÆ„Ç∑„É≥=„Ç≠„Çπ„ÇØ„ÅÆ„Å´Â±û„Åô„ÇãËã±Ë™û„ÇíË©±„Åô„É≠„Éú„ÉÉ„Éà. Sometimes I sing QUEEN songs!„ÄåÊôÇ„ÄÖÁßÅ„ÅØÊ≠å„ÅÜQUEEN!„ÄçI belong to @sinkiske~
"9,07612656294613E+017",2017-09-12 16:31:34,"@TheArchB1shop @missamy717 @WDA_Punisher I've been doing runs to the store for people who were stuck in,older folks, cutting up down trees,etc...I'm beat.Haven't slept more than 6",,-1,TheArchB1shop ; missamy717 ; WDA_Punisher ; ,2873258813,Dragonphoenix69,SFL Dragonphoenix69,"Fort Lauderdale, FL ",Surfer.80s child.Never grow old.Follow your own path.Deplorable.Not a Liberalüê∏Patriot.üá∫üá∏üá∫üá∏Not PC
"9,07613993052799E+017",2017-09-12 16:36:53,"Join us September 21st in NYC for an evening of sensory exploration with special friends! 
https://t.co/GHjpwrkkZ9 https://t.co/Ya5dARjodU",,-1,,2612099156,CaptBlankenship,Captain Blankenship,"New Paltz, NY","Captain Blankenship is an organic beauty company based in New York‚Äôs Hudson River Valley. We make face, body, haircare products & perfumes wild with nature."
"9,07615609709634E+017",2017-09-12 16:43:18,Come work with me on cutting edge cloud data pipelines and the expanded hadoop ecosystem! https://t.co/2Ynl5rliHg,,"9,0726096786783E+017",,257469626,alexlovelltroy,Alex Lovell-Troy,"London, Tucson, Managua","Pythian DevOps Consultant, Programmer, Traveler."
"9,07617196926488E+017",2017-09-12 16:49:37,@TDG_HayJay My screen flickers on and off from signal to no signal then starts cutting out with like static error bars,,-1,TDG_HayJay ; ,355458438,PhoenixxLB,Liam Black,"Durham, England",Professional Deagler for Aimstars | Contributing Writer for @Dexerto | Freelance Photographer
"9,07619837664485E+017",2017-09-12 17:00:06,Not gonna lie seeing the hair actually get cut off despite how ridiculous the method is extremely satisfying lol https://t.co/B9Z9lPa9yg,,"9,07024575971697E+017",,2650610686,AaronnDais,F L O W E R üå∫ B O Y,null,null
"9,07599328994255E+017",2017-09-12 15:38:37,Cutting sugars carbs for a month,,-1,,297748929,Hxlmizxn,Helmi Kifli,Brunei Darussalam,Above average human being
"9,07600736959295E+017",2017-09-12 15:44:12,@ASJBaloch @realDonaldTrump Cut off their funds & use that money 4 hurricane relief!!!,,-1,ASJBaloch ; realDonaldTrump ; ,"7,6999014768957E+017",susmoo96,Sus96,null,"Patriot, love my retired special ops hubby, my dogs, God, family, & people who work hard, achieve, & don't feel our government should give everything 4 free!"
"9,07601891105808E+017",2017-09-12 15:48:47,new perspective once EVERY GODDAMN SECOND. and there were 3 different viewpoints. SO IT JUST KEPT CUTTING BACK AND FORTH AS IF IT WAS BEING,,-1,,3273031004,breathofthewiId,Yams,null,number 1 fan of neo yokio. he/him
"9,07603034385015E+017",2017-09-12 15:53:20,"$GYA.V Guyana Goldstrike Appoints Zijin Midas Exploration Fund Member Dr. Gou P. Geo #gold #stocks #investing 

https://t.co/t3eMRiz1wr",gold ; stocks ; investing ; ,-1,,618558126,TSXPennyStocks,TSXPennyStocks,Canada,TSX Penny Stocks.ca is a website devoted to hunting for qualityTSX traded Penny Stocks. Visit Our Site & Sign Up for Free News & Alerts. https://t.co/jDj2TYYkAb
"9,07604613641249E+017",2017-09-12 15:59:37,@Honeyv33 cutting these people out of my life made everything so much easier for me. you don't deserve this ‚ù§Ô∏è,,-1,Honeyv33 ; ,47847152,xsarabellx,sb,"Louisville, KY","Look, Gene, I've never told anyone this before, but I can suck my own dick, and I do it a lot."
"9,07606306248446E+017",2017-09-12 16:06:20,"@dlwnsghek Give this album a chance & listen üéßüé∂
One will quickly discover it's not an ordinary solo album, but one of exploration & discovery",,-1,dlwnsghek ; ,201083030,MGvis,M,null,"""I believe that everyone is born free & equal. I will take action against discrimination & violence..."""
"9,07607608193901E+017",2017-09-12 16:11:30,"ur-trading: The home of 70 percent of bitcoin mining operations, China reportedly represents about 23 percent of global bitcoin trading.",,-1,,1608847423,bitcoinlovers2,Bitcoin Lovers,United States,Win Free Bitcoins every hour! https://goo.gl/wJ7fmI
"9,07609058882064E+017",2017-09-12 16:17:16,#CricketComesHome  catch pharrr yaaar cuttingüòûüòû,CricketComesHome ; ,-1,,2801548704,azzam_cheema,Azzam Irfan Cheema,lahore,#civilengineer #cricketislife #cssaspirant #Snapchat: azzamm_irfan Belongs to a political family #civilengineer
